INSERT INTO [Atores] VALUES (N'James', N'Stewart', N'M')
GO
INSERT INTO [Atores] VALUES (N'Deborah', N'Kerr', N'F')
GO
INSERT INTO [Atores] VALUES (N'Peter', N'OToole', N'M')
GO
INSERT INTO [Atores] VALUES (N'Robert', N'DeNiro', N'M')
GO
INSERT INTO [Atores] VALUES (N'Harrison', N'Ford', N'M')
GO
INSERT INTO [Atores] VALUES (N'Stephen', N'Baldwin', N'M')
GO
INSERT INTO [Atores] VALUES (N'Jack', N'Nicholson', N'M')
GO
INSERT INTO [Atores] VALUES (N'Mark', N'Wahlberg', N'M')
GO
INSERT INTO [Atores] VALUES (N'Woody', N'Allen', N'M')
GO
INSERT INTO [Atores] VALUES (N'Claire', N'Danes', N'F')
GO
INSERT INTO [Atores] VALUES (N'Tim', N'Robbins', N'M')
GO
INSERT INTO [Atores] VALUES (N'Kevin', N'Spacey', N'M')
GO
INSERT INTO [Atores] VALUES (N'Kate', N'Winslet', N'F')
GO
INSERT INTO [Atores] VALUES (N'Robin', N'Williams', N'M')
GO
INSERT INTO [Atores] VALUES (N'Jon', N'Voight', N'M')
GO
INSERT INTO [Atores] VALUES (N'Ewan', N'McGregor', N'M')
GO
INSERT INTO [Atores] VALUES (N'Christian', N'Bale', N'M')
GO
INSERT INTO [Atores] VALUES (N'Maggie', N'Gyllenhaal', N'F')
GO
INSERT INTO [Atores] VALUES (N'Dev', N'Patel', N'M')
GO
INSERT INTO [Atores] VALUES (N'Sigourney', N'Weaver', N'F')
GO
INSERT INTO [Atores] VALUES (N'David', N'Aston', N'M')
GO
INSERT INTO [Atores] VALUES (N'Ali', N'Astin', N'F')
GO



SET IDENTITY_INSERT [ElencoFilmes] OFF
GO
INSERT INTO [ElencoFilmes] VALUES (1, 1, N'John Scottie Ferguson')
GO
INSERT INTO [ElencoFilmes] VALUES (2, 2, N'Miss Giddens')
GO
INSERT INTO [ElencoFilmes] VALUES (3, 3, N'T.E. Lawrence')
GO
INSERT INTO [ElencoFilmes] VALUES (4, 4, N'Michael')
GO
INSERT INTO [ElencoFilmes] VALUES (6, 6, N'Rick Deckard')
GO
INSERT INTO [ElencoFilmes] VALUES (7, 8, N'McManus')
GO
INSERT INTO [ElencoFilmes] VALUES (9, 10, N'Eddie Adams')
GO
INSERT INTO [ElencoFilmes] VALUES (10, 11, N'Alvy Singer')
GO
INSERT INTO [ElencoFilmes] VALUES (11, 12, N'San')
GO
INSERT INTO [ElencoFilmes] VALUES (12, 13, N'Andy Dufresne')
GO
INSERT INTO [ElencoFilmes] VALUES (13, 14, N'Lester Burnham')
GO
INSERT INTO [ElencoFilmes] VALUES (14, 15, N'Rose DeWitt Bukater')
GO
INSERT INTO [ElencoFilmes] VALUES (15, 16, N'Sean Maguire')
GO
INSERT INTO [ElencoFilmes] VALUES (16, 17, N'Ed')
GO
INSERT INTO [ElencoFilmes] VALUES (17, 18, N'Renton')
GO
INSERT INTO [ElencoFilmes] VALUES (19, 20, N'Elizabeth Darko')
GO
INSERT INTO [ElencoFilmes] VALUES (20, 21, N'Older Jamal')
GO
INSERT INTO [ElencoFilmes] VALUES (21, 22, N'Ripley')
GO
INSERT INTO [ElencoFilmes] VALUES (13, 23, N'Bobby Darin')
GO
INSERT INTO [ElencoFilmes] VALUES (8, 9, N'J.J. Gittes')
GO
INSERT INTO [ElencoFilmes] VALUES (18, 19, N'Alfred Borden')
GO




INSERT [dbo].[Filmes] ([Id], [Nome], [Ano], [Duracao]) VALUES (1, N'Um Corpo que Cai', 1958, 128)
GO
INSERT [dbo].[Filmes] ([Id], [Nome], [Ano], [Duracao]) VALUES (2, N'Os Inocentes', 1961, 100)
GO
INSERT [dbo].[Filmes] ([Id], [Nome], [Ano], [Duracao]) VALUES (3, N'Lawrence da Arábia', 1962, 216)
GO
INSERT [dbo].[Filmes] ([Id], [Nome], [Ano], [Duracao]) VALUES (4, N'O Franco Atirador', 1978, 183)
GO
INSERT [dbo].[Filmes] ([Id], [Nome], [Ano], [Duracao]) VALUES (5, N'Amadeus', 1984, 160)
GO
INSERT [dbo].[Filmes] ([Id], [Nome], [Ano], [Duracao]) VALUES (6, N'Blade Runner', 1982, 117)
GO
INSERT [dbo].[Filmes] ([Id], [Nome], [Ano], [Duracao]) VALUES (7, N'De Olhos Bem Fechados', 1999, 159)
GO
INSERT [dbo].[Filmes] ([Id], [Nome], [Ano], [Duracao]) VALUES (8, N'Os Suspeitos', 1995, 106)
GO
INSERT [dbo].[Filmes] ([Id], [Nome], [Ano], [Duracao]) VALUES (9, N'Chinatown', 1974, 130)
GO
INSERT [dbo].[Filmes] ([Id], [Nome], [Ano], [Duracao]) VALUES (10, N'Boogie Nights - Prazer Sem Limites', 1997, 155)
GO
INSERT [dbo].[Filmes] ([Id], [Nome], [Ano], [Duracao]) VALUES (11, N'Noivo Neurótico, Noiva Nervosa', 1977, 93)
GO
INSERT [dbo].[Filmes] ([Id], [Nome], [Ano], [Duracao]) VALUES (12, N'Princesa Mononoke', 1997, 134)
GO
INSERT [dbo].[Filmes] ([Id], [Nome], [Ano], [Duracao]) VALUES (13, N'Um Sonho de Liberdade', 1994, 142)
GO
INSERT [dbo].[Filmes] ([Id], [Nome], [Ano], [Duracao]) VALUES (14, N'Beleza Americana', 1999, 122)
GO
INSERT [dbo].[Filmes] ([Id], [Nome], [Ano], [Duracao]) VALUES (15, N'Titanic', 1997, 194)
GO
INSERT [dbo].[Filmes] ([Id], [Nome], [Ano], [Duracao]) VALUES (16, N'Gênio Indomável', 1997, 126)
GO
INSERT [dbo].[Filmes] ([Id], [Nome], [Ano], [Duracao]) VALUES (17, N'Amargo pesadelo', 1972, 109)
GO
INSERT [dbo].[Filmes] ([Id], [Nome], [Ano], [Duracao]) VALUES (18, N'Trainspotting - Sem Limites', 1996, 94)
GO
INSERT [dbo].[Filmes] ([Id], [Nome], [Ano], [Duracao]) VALUES (19, N'O Grande Truque', 2006, 130)
GO
INSERT [dbo].[Filmes] ([Id], [Nome], [Ano], [Duracao]) VALUES (20, N'Donnie Darko', 2001, 113)
GO
INSERT [dbo].[Filmes] ([Id], [Nome], [Ano], [Duracao]) VALUES (21, N'Quem Quer Ser um Milionário?', 2008, 120)
GO
INSERT [dbo].[Filmes] ([Id], [Nome], [Ano], [Duracao]) VALUES (22, N'Aliens, O Resgate', 1986, 137)
GO
INSERT [dbo].[Filmes] ([Id], [Nome], [Ano], [Duracao]) VALUES (23, N'Uma Vida sem Limites', 2004, 118)
GO
INSERT [dbo].[Filmes] ([Id], [Nome], [Ano], [Duracao]) VALUES (24, N'Avatar', 2009, 162)
GO
INSERT [dbo].[Filmes] ([Id], [Nome], [Ano], [Duracao]) VALUES (25, N'Coração Valente', 1995, 178)
GO
INSERT [dbo].[Filmes] ([Id], [Nome], [Ano], [Duracao]) VALUES (26, N'Os Sete Samurais', 1954, 207)
GO
INSERT [dbo].[Filmes] ([Id], [Nome], [Ano], [Duracao]) VALUES (27, N'A Viagem de Chihiro', 2001, 125)
GO
INSERT [dbo].[Filmes] ([Id], [Nome], [Ano], [Duracao]) VALUES (28, N'De Volta para o Futuro', 1985, 116)
GO


INSERT INTO [FilmesGenero] ([IdGenero], [IdFilme]) VALUES (1, 22)
GO
INSERT INTO [FilmesGenero] ([IdGenero], [IdFilme]) VALUES (2, 17)
GO
INSERT INTO [FilmesGenero] ([IdGenero], [IdFilme]) VALUES (2, 3)
GO
INSERT INTO [FilmesGenero] ([IdGenero], [IdFilme]) VALUES (3, 12)
GO
INSERT INTO [FilmesGenero] ([IdGenero], [IdFilme]) VALUES (5, 11)
GO
INSERT INTO [FilmesGenero] ([IdGenero], [IdFilme]) VALUES (6, 8)
GO
INSERT INTO [FilmesGenero] ([IdGenero], [IdFilme]) VALUES (6, 13)
GO
INSERT INTO [FilmesGenero] ([IdGenero], [IdFilme]) VALUES (7, 26)
GO
INSERT INTO [FilmesGenero] ([IdGenero], [IdFilme]) VALUES (7, 28)
GO
INSERT INTO [FilmesGenero] ([IdGenero], [IdFilme]) VALUES (7, 18)
GO
INSERT INTO [FilmesGenero] ([IdGenero], [IdFilme]) VALUES (7, 21)
GO
INSERT INTO [FilmesGenero] ([IdGenero], [IdFilme]) VALUES (8, 2)
GO
INSERT INTO [FilmesGenero] ([IdGenero], [IdFilme]) VALUES (9, 23)
GO
INSERT INTO [FilmesGenero] ([IdGenero], [IdFilme]) VALUES (10, 7)
GO
INSERT INTO [FilmesGenero] ([IdGenero], [IdFilme]) VALUES (10, 27)
GO
INSERT INTO [FilmesGenero] ([IdGenero], [IdFilme]) VALUES (10, 1)
GO
INSERT INTO [FilmesGenero] ([IdGenero], [IdFilme]) VALUES (11, 14)
GO
INSERT INTO [FilmesGenero] ([IdGenero], [IdFilme]) VALUES (12, 6)
GO
INSERT INTO [FilmesGenero] ([IdGenero], [IdFilme]) VALUES (13, 4)
GO





INSERT [dbo].[Generos] ([Id], [Genero]) VALUES (1, N'Ação')
GO
INSERT [dbo].[Generos] ([Id], [Genero]) VALUES (2, N'Aventura')
GO
INSERT [dbo].[Generos] ([Id], [Genero]) VALUES (3, N'Animação')
GO
INSERT [dbo].[Generos] ([Id], [Genero]) VALUES (4, N'Biografia')
GO
INSERT [dbo].[Generos] ([Id], [Genero]) VALUES (5, N'Comédia')
GO
INSERT [dbo].[Generos] ([Id], [Genero]) VALUES (6, N'Crime')
GO
INSERT [dbo].[Generos] ([Id], [Genero]) VALUES (7, N'Drama')
GO
INSERT [dbo].[Generos] ([Id], [Genero]) VALUES (8, N'Horror')
GO
INSERT [dbo].[Generos] ([Id], [Genero]) VALUES (9, N'Musical')
GO
INSERT [dbo].[Generos] ([Id], [Genero]) VALUES (10, N'Mistério')
GO
INSERT [dbo].[Generos] ([Id], [Genero]) VALUES (11, N'Romance')
GO
INSERT [dbo].[Generos] ([Id], [Genero]) VALUES (12, N'Suspense')
GO
INSERT [dbo].[Generos] ([Id], [Genero]) VALUES (13, N'Guerra')
GO